"29d1f9ef-e8ac-489b-87b8-97d7c38b21cd","สำนักงานทรัพย์สิน","cbe6f40c-03ab-4c71-8bb3-754a51394036,18ad9155-168f-4c1d-876a-41062392f5a0"
"c0c4a993-bc7e-4a25-bc6f-96c6d191459e","สำนักงานมหาวิทยาลัย","1109cefc-6d52-4e97-9bc7-feda78c27920,c23cae9a-47e3-44ea-8ac7-0f722df9d767,8aac1b77-7dd7-4f85-a215-8c3b7e57977b,18ad9155-168f-4c1d-876a-41062392f5a0"
"8e543212-4548-4408-a2eb-342306f84e6a","สำนักงานบริหารวิชาการ","049bc102-bd0a-4ecf-908b-b6a224f1dd8b"
"54845a3a-67f3-4877-96b3-4e7939092aef","สำนักบริการคอมพิวเตอร์","5521d840-ae86-4959-ad5d-694d87932043"
"ac276eb5-4e96-40f0-ac48-2981e5795f07","สำนักหอสมุด","c23cae9a-47e3-44ea-8ac7-0f722df9d767,18ad9155-168f-4c1d-876a-41062392f5a0"
"9cc29cd0-1f78-47df-8dbe-d90f3c884976","ศูนย์สุขภาวะนิสิต","c23cae9a-47e3-44ea-8ac7-0f722df9d767"
