"1109cefc-6d52-4e97-9bc7-feda78c27920","การคมนาคมภายในมหาวิทยาลัย","false"
"c23cae9a-47e3-44ea-8ac7-0f722df9d767","บริการด้านต่างๆ ภายในมหาวิทยาลัย","false"
"fc31164b-78a2-4492-a8d8-0d1b090e8ccf","การจัดกิจกรรมไม่เหมาะสม","false"
"cbe6f40c-03ab-4c71-8bb3-754a51394036","ทรัพย์สินเสียหาย","false"
"049bc102-bd0a-4ecf-908b-b6a224f1dd8b","หลักสูตรการศึกษา","false"
"8aac1b77-7dd7-4f85-a215-8c3b7e57977b","ขยะมูลฝอย","false"
"5521d840-ae86-4959-ad5d-694d87932043","สำนักงานบริการคอมพิวเตอร์","false"
"18ad9155-168f-4c1d-876a-41062392f5a0","อื่นๆ","false"
