"7fef4e2a-476d-4021-af0b-61adc48ca454","AdminKU","AdminKUComplaint","KUCA2022","ADMIN","null","dark","Kanit","16","7fef4e2a-476d-4021-af0b-61adc48ca454.png","online","false","2022-10-17T14:11:22.010492400"
"9919da5b-33c3-491a-9ef6-5c1bc87b3a1f","saccsos","Sornchai Laksanapeeti","1234","TEACHER","54845a3a-67f3-4877-96b3-4e7939092aef","dark","Kanit","16","9919da5b-33c3-491a-9ef6-5c1bc87b3a1f.jpg","online","false","2022-10-17T12:31:36.363108500"
"e5210c01-e7a9-4523-92fa-7f57ca7c310d","kong","Suttipong Meuntaboot","1234","TEACHER","54845a3a-67f3-4877-96b3-4e7939092aef","dark","Kanit","16","e5210c01-e7a9-4523-92fa-7f57ca7c310d.jpg","online","false","2022-10-17T01:08:31.148001"
"111a281b-9b23-4186-8228-9f4c7eee90dc","usa","Usa Sammapun","1234","TEACHER","ac276eb5-4e96-40f0-ac48-2981e5795f07","dark","Kanit","16","111a281b-9b23-4186-8228-9f4c7eee90dc.jpeg","online","false","2022-10-17T12:09:19.475100300"
"c58bf41d-52d5-467d-adbb-79cabdec1cc4","nopadon","Nopadon Juneam","1234","TEACHER","29d1f9ef-e8ac-489b-87b8-97d7c38b21cd","dark","Kanit","16","c58bf41d-52d5-467d-adbb-79cabdec1cc4.jpeg","online","false","2022-10-17T12:32:07.256268900"
"c3dea2d1-f890-47b5-96e1-6d275be5a146","ckw","chakrit.w","1234","TEACHER","29d1f9ef-e8ac-489b-87b8-97d7c38b21cd","dark","Kanit","16","c3dea2d1-f890-47b5-96e1-6d275be5a146.jpg","online","false","2022-10-17T12:35:17.010317800"
"a80fd243-b26b-4335-84aa-b74580db102c","sirikorn","Sirikorn Channual","1234","TEACHER","29d1f9ef-e8ac-489b-87b8-97d7c38b21cd","dark","Kanit","16","a80fd243-b26b-4335-84aa-b74580db102c.jpeg","online","false","2022-10-17T12:35:49.723127100"
"106ab22f-da6c-46ec-8614-8498e8abfdcd","preecha","Preecha Ngamsaowaros","1234","TEACHER","c0c4a993-bc7e-4a25-bc6f-96c6d191459e","dark","Kanit","16","106ab22f-da6c-46ec-8614-8498e8abfdcd.jpeg","online","false","2022-10-17T12:36:46.411303300"
"a7f133b8-bb07-456b-a192-2df8ab9df357","chavalit","Chavalit Srisathapornphat","1234","TEACHER","c0c4a993-bc7e-4a25-bc6f-96c6d191459e","dark","Kanit","16","a7f133b8-bb07-456b-a192-2df8ab9df357.jpeg","online","false","2022-10-17T12:39:45.911808600"
"449fcc38-dc93-46fa-b702-4427557635cc","somchoke","Somchoke Rueng-ittinun","1234","TEACHER","c0c4a993-bc7e-4a25-bc6f-96c6d191459e","dark","Kanit","16","default.png","online","false","2022-10-17T12:41:05.358665200"
"3dc81bc1-1dc8-4c3c-aeaf-55df1c0961b3","umaporn","Umaporn Sirathranont","1234","TEACHER","8e543212-4548-4408-a2eb-342306f84e6a","dark","Kanit","16","3dc81bc1-1dc8-4c3c-aeaf-55df1c0961b3.jpeg","online","false","2022-10-17T12:42:07.262869700"
"c7a0ecd4-ff2f-486e-939b-5c0964a2811c","kanlayanee","Kanlayanee Banjongjit","1234","TEACHER","8e543212-4548-4408-a2eb-342306f84e6a","dark","Kanit","16","c7a0ecd4-ff2f-486e-939b-5c0964a2811c.jpeg","online","false","2022-10-17T12:43:04.230997700"
"83b4f8d0-73e5-4cd7-a8cc-af7ad11fc5ee","nuanwan","Nuanwan Soonthornphisaj","1234","TEACHER","8e543212-4548-4408-a2eb-342306f84e6a","dark","Kanit","16","83b4f8d0-73e5-4cd7-a8cc-af7ad11fc5ee.jpeg","online","false","2022-10-17T12:43:57.992152900"
"c02813d1-d661-4eaf-bb43-79034ef84a74","soontharee","Soontharee Koompairojn","1234","TEACHER","9cc29cd0-1f78-47df-8dbe-d90f3c884976","dark","Kanit","16","c02813d1-d661-4eaf-bb43-79034ef84a74.jpeg","online","false","2022-10-17T12:44:26.532699600"
"bb789b80-f104-4def-9e14-fbc74bb4c4bf","pobsit","Pobsit Kamolvej","1234","TEACHER","ac276eb5-4e96-40f0-ac48-2981e5795f07","dark","Kanit","16","bb789b80-f104-4def-9e14-fbc74bb4c4bf.jpeg","online","false","2022-10-17T12:46:10.288292"
"1936cf37-e720-4bce-abf9-d88384d426e9","pakaket","Pakaket Wattuya","1234","TEACHER","ac276eb5-4e96-40f0-ac48-2981e5795f07","dark","Kanit","16","1936cf37-e720-4bce-abf9-d88384d426e9.jpeg","online","false","2022-10-17T12:47:18.156464"
"bc72580e-d1e6-45c8-93b5-1b8de8528411","thammakorn","Thammakorn Saethang","1234","TEACHER","54845a3a-67f3-4877-96b3-4e7939092aef","dark","Kanit","16","bc72580e-d1e6-45c8-93b5-1b8de8528411.jpg","online","false","2022-10-17T12:48:15.922654500"
"fe35243a-7dec-46ff-b56f-3608f292b8ac","ong","Sittipong Hemloun","1234","STUDENT","null","dark","Kanit","16","fe35243a-7dec-46ff-b56f-3608f292b8ac.jpg","online","true","2022-10-15T01:18:36.429337400"
"f1e68c94-4ff7-4f6f-98e1-400daaea60f5","ice","Sarunpawat Phosoi","1234","STUDENT","null","dark","Kanit","16","f1e68c94-4ff7-4f6f-98e1-400daaea60f5.jpg","online","false","2022-10-17T12:16:44.795818700"
"762dcc1d-ea79-4cdb-980f-11c1eb3db8fe","non","Weerawong Vonggatunyu","1234","STUDENT","null","dark","Kanit","16","762dcc1d-ea79-4cdb-980f-11c1eb3db8fe.jpg","online","false","2022-10-16T23:26:46.832213400"
"ace8d950-3b07-4a7e-bf7a-cacc320fe39f","arm","Nachpol Ruangnam","1234","STUDENT","null","dark","Kanit","16","ace8d950-3b07-4a7e-bf7a-cacc320fe39f.jpg","online","false","2022-10-17T00:26:42.684987500"
"bcceff77-6e25-471d-a33f-d0964261cfa6","jimin","Cookie Jimin","1234","STUDENT","null","dark","Kanit","16","bcceff77-6e25-471d-a33f-d0964261cfa6.jpg","online","false","2022-10-17T00:04:07.731379600"
"f43dbc04-8ec8-4941-8267-91b603e07c1a","babe","Babe Baby","1234","STUDENT","null","dark","Kanit","16","f43dbc04-8ec8-4941-8267-91b603e07c1a.jpg","online","false","2022-10-14T23:11:53.037567400"
"f0659055-478c-4b23-bdb7-422bff482da9","sarun","Sarun Kung","1234","STUDENT","null","dark","Kanit","16","f0659055-478c-4b23-bdb7-422bff482da9.jpg","online","false","2022-10-17T00:10:59.373045"
"8504cca2-0690-463c-b346-fe31236ea13d","tatae","Jirawat Intra","1234","STUDENT","null","dark","Kanit","16","8504cca2-0690-463c-b346-fe31236ea13d.jpg","online","false","2022-10-17T00:49:53.277271900"
"e30df453-8b17-4e85-a49b-75cc25eb4016","patrickS","Patrick Star","1234","STUDENT","null","dark","Kanit","16","e30df453-8b17-4e85-a49b-75cc25eb4016.jpg","online","false","2022-10-17T12:23:29.697998300"
"c7aa5438-1036-44d4-ba57-1a541dc20c5c","Umbe1laboy","um um","1234","STUDENT","null","dark","Kanit","16","c7aa5438-1036-44d4-ba57-1a541dc20c5c.jpg","online","false","2022-10-17T12:04:07.112422300"
"af49018f-f584-4b77-a543-ba03ab73ba64","traKunIce","Kun Ice","1234","STUDENT","null","dark","Kanit","16","af49018f-f584-4b77-a543-ba03ab73ba64.png","online","false","2022-10-17T12:17:00.746026200"
